Index	English	Thai_Translation
3001	My Auctions	การประมูลของฉัน
3002	Current bid	ราคาเสนอปัจจุบัน
3003	Bidding Cap	ฝาประมูล
3004	Final Price	ราคาสุดท้าย
3005	Style +${1}	สไตล์ +${1}
3006	Select Plan	เลือกแผน
3007	Warrior III	นักรบ III
3008	Eligibility	คุณสมบัติ
3009	7-8 Players	ผู้เล่น 7-8 คน
3010	First Match	นัดแรก
3011	Daily Quest	ภารกิจรายวัน
3012	Quest Items	รายการเควส
3013	Event Items	รายการกิจกรรม
3014	Class Mount	คลาสเมาท์
3015	Sage Branch	สาขาเสจ
3016	Bard Branch	สาขา Bard
3017	Dancer Line	Dancer ไลน์
3018	Rogue Class	คลาสอันธพาล
3019	Two Affixes	สองส่วนต่อท้าย
3020	Payon Areas	พื้นที่ Payon
3021	Job Talents	ตำแหน่งงานว่าง
3022	Tavern Gift	ของขวัญ Tavern
3023	Collector's	ของนักสะสม
3024	Need a Tank	ต้องการรถถัง
3025	Current Job	งานปัจจุบัน
3026	Skill-Based	ตามทักษะ
3027	Transfigure	แปลงร่าง
3028	Thunderclap	Thunderclap
3029	Flame Storm	Flame Storm
3030	Flame Combo	Flame Combo
3031	Exit Turret	Exit Turret
3032	Sword Smash	Sword Smash
3033	Spell Smash	Spell Smash
3034	Arrow Smash	Arrow Smash
3035	Staff Smash	Staff Smash
3036	Blade Smash	Blade Smash
3037	Vast Wealth	ความมั่งคั่งมหาศาล
3038	Crit Chance	โอกาสคริติคอล
3039	Progression	ความก้าวหน้า
3040	Cotton Tuft	Cotton Tuft
3041	Woolly Moss	Woolly Moss
3042	Spirit Silk	Spirit Silk
3043	Sacred Silk	Sacred Silk
3044	Purple @{1}	สีม่วง@{1}
3045	Orange @{1}	สีส้ม@{1}
3046	Bright Star	ไบร์ทสตาร์
3047	Suffocation	หายใจไม่ออก
3048	Forced Stun	บังคับสตัน
3049	Interaction	การโต้ตอบ
3050	War Machine	วอร์แมชชีน
3051	Mithril Ore	Mithril Ore
3052	Grandmaster	ปรมาจารย์
3053	Niu Niu Niu	นิว นิวนิว
3054	BTN_RESTART	BTN_RESTART
3055	Connect@{1}	เชื่อมต่อ@{1}
3056	(Collected)	(รวบรวม)
3057	Totem Skill	ทักษะโทเท็ม
3058	Healing Cap	Healing Cap
3059	Defense Cap	Defense Cap
3060	Magic Blade	Magic Blade
3061	Elunium-Use	Elunium-Use
3062	Octopus Axe	Octopus Axe
3063	Armor Plate	Armor Plate
3064	Yellow Herb	Yellow Herb
3065	Honing Iron	Honing Iron
3066	Steel Ingot	Steel Ingot
3067	Solid Stone	Solid Stone
3068	Rough Stone	Rough Stone
3069	Sharp Scale	Sharp Scale
3070	MVP Costume	MVP Costume
3071	Green Cards	Green Cards
3072	Purple Card	Purple Card
3073	Red Bow Tie	Red Bow Tie
3074	Round Shell	Round Shell
3075	Royal Jelly	Royal Jelly
3076	Euler Euler	Euler Euler
3077	Apple Juice	Apple Juice
3078	Solid Shell	Solid Shell
3079	Talent Mark	Talent Mark
3080	Hand of God	Hand of God
3081	Single Cell	Single Cell
3082	Mold Powder	Mold Powder
3083	Animal Skin	Animal Skin
3084	Gingerbread	Gingerbread
3085	Lord's Mane	Lord's Mane
3086	Outpost Key	Outpost Key
3087	Stone Arrow	Stone Arrow
3088	Steel Arrow	Steel Arrow
3089	Dead Branch	Dead Branch
3090	Blue Potion	Blue Potion
3091	Basic Katar	Basic Katar
3092	Flower Ring	Flower Ring
3093	Novice Ring	Novice Ring
3094	Steel Armor	Steel Armor
3095	Novice Coat	Novice Coat
3096	Loki's Nail	Loki's Nail
3097	Infiltrator	Infiltrator
3098	Skull Staff	Skull Staff
3099	Doom Slayer	Doom Slayer
3100	Novice Pike	Novice Pike
3101	Battle Hook	Battle Hook
3102	Arans Sword	Arans Sword
3103	Executioner	Executioner
3104	Main Gauche	Main Gauche
3105	Carving EXP	Carving EXP
3106	Logging EXP	Logging EXP
3107	Card: Munak	Card: Munak
3108	Card: Aster	Card: Aster
3109	Card: Golem	Card: Golem
3110	Card: Flora	Card: Flora
3111	Card: Vadon	Card: Vadon
3112	Card: Andre	Card: Andre
3113	Card: Tarou	Card: Tarou
3114	Card: Spore	Card: Spore
3115	Card: Picky	Card: Picky
3116	Stat Reset:	รีเซ็ตสถิติ:
3117	Skill Build	การสร้างทักษะ
3118	Card Preset	การ์ดตั้งค่าล่วงหน้า
3119	Event Rules	กฎของกิจกรรม
3120	Match Rules	กฎการแข่งขัน
3121	Boss Skills	ทักษะบอส
3122	First Clear	เคลียร์ครั้งแรก
3123	In Position	อยู่ในตำแหน่ง
3124	Discard All	ละทิ้งทั้งหมด
3125	Entry Alert	การแจ้งเตือนรายการ
3126	Source @{1}	แหล่งที่มา@{1}เหตุการณ์ต้นทาง
3127	Outfit Draw	การจับฉลากชุด
3128	Bell Charge	BellCharge
3129	Summon Bell	ระฆังอัญเชิญ
3130	Horong Lash	Horong Lash
3131	Hell Charge	การ Charge นรก
3132	Pyramid Ray	Pyramid เรย์
3133	Hornet Army	กองทัพ Hornet
3134	Memory Game	เกมความจำ
3135	Beat Prison	เอาชนะคุก
3136	Cross Score	ครอสสกอร์
3137	Bubble Link	Bubble ลิงค์
3138	Summon Evil	อัญเชิญความชั่วร้าย
3139	Hidden Bell	กระดิ่งซ่อน
3140	Coffin Trap	กับดักโลงศพ
3141	Shield Cast	Shield Cast
3142	Earth Drive	Earth Drive
3143	Earthshaker	Earthshaker
3144	BOSS Damage	ความเสียหายของบอส
3145	Unstoppable	หยุดไม่ได้
3146	First Blood	เลือดหยดแรก
3147	Tier 4 Cart	รถเข็นเทียร์ 4
3148	Tier 3 Cart	รถเข็นระดับ 3
3149	Tier 2 Cart	รถเข็น Tier 2
3150	Scholar Lv.	นักวิชาการ Lv.
3151	Level Stats	สถิติระดับ
3152	Theme Style	รูปแบบธีม
3153	Rift Impact	Rift Impact
3154	Shadow Step	Shadow Step
3155	Advertising	การโฆษณา
3156	Dark Forest	ป่าแห่งความมืด
3157	High Damage	ความเสียหายสูง
3158	CHAPTER III	บทที่ 3
3159	Outstanding	โดดเด่น
3160	City Fallen	เมืองล่มสลาย
3161	Second Wind	ลมที่สอง
3162	Limit Break	ลิมิตเบรก
3163	HP Listener	ฟัง HP
3164	Flame Blast	ระเบิดเปลวไฟ
3165	High Morale	ขวัญกำลังใจสูง
3166	Carry Scale	เครื่องชั่งพกพา
3167	Select Mode	เลือกโหมด
3168	Full-screen	เต็มจอ
3169	Player Info	ข้อมูลผู้เล่น
3170	Event Alert	การแจ้งเตือนเหตุการณ์
3171	Quick Items	รายการด่วน
3172	Target Info	ข้อมูลเป้าหมาย
3173	Penetration	การเจาะ
3174	Flame Chain	โซ่เปลวไฟ
3175	Flame Burst	เปลวไฟระเบิด
3176	Frost Burst	ฟรอสต์เบิสต์
3177	Raging Gale	Raging Gale
3178	Armor Break	Armor Break
3179	Silver Moon	ซิลเวอร์มูน
3180	Demon Flame	เปลวไฟปีศาจ
3181	Divine Hope	Divine Hope
3182	Soul Siphon	Soul Siphon
3183	Stone Blade	BladeStone
3184	Minion Buff	บัฟมิเนียน
3185	Shroud Link	ลิงค์ Shroud
3186	Yellow Note	โน้ตสีเหลือง
3187	Target Mark	มาร์คเป้าหมาย
3188	Multi-Rhyme	มัลติ-ไรม์
3189	Blood Spear	Spear เลือด
3190	Prison Slow	เรือนจำ Slow
3191	Dragon Wing	ปีกมังกร
3192	Dark Charge	ดาร์ก Charge
3193	${1}'s ${2}	${1}ของ${2}
3194	Tavern Type	ประเภท Tavern
3195	Tavern Name	ชื่อ Tavern
3196	Turn On Mic	เปิดไมค์
3197	Permissions	สิทธิ์
3198	Tavern Info	ข้อมูล Tavern
3199	Pornography	สื่อลามก
3200	Consumables	วัสดุสิ้นเปลือง
3201	Defeat Ilmo	เอาชนะอิลโม
3202	Defeat Isti	เอาชนะอิสติ
3203	Stage Rules	กฎขั้นตอน
3204	Codex Guide	คู่มือโคเด็กซ์
3205	Pet Upgrade	อัพเกรดสัตว์เลี้ยง
3206	Stall Guide	คู่มือแผงลอย
3207	Stall ended	แผงลอยสิ้นสุดแล้ว
3208	Any 1 Affix	ส่วนเสริม 1 รายการใดๆ
3209	Swift Sword	Sword สวิฟท์
3210	Rapid Throw	โยนเร็ว
3211	Sharp Spear	Spear แหลม
3212	Quick Hands	แฮนด์ด่วน
3213	Virus Boost	บูสต์ไวรัส
3214	${1}Faction	ฝ่าย${1}
3215	Player Name	ชื่อผู้เล่น
3216	Out of ammo	กระสุนหมด
3217	Drag Member	ลากเมมเบอร์
3218	${1}d ${2}h	${1}d${2}ชม
3219	Peak Season	ฤดูกาลท่องเที่ยว
3220	Select Mood	เลือกอารมณ์
3221	Claim Daily	เคลมทุกวัน
3222	Wrong Level	ระดับผิด
3223	Unlock Pass	ปลดล็อคพาส
3224	Gift a Pass	ให้บัตรผ่านเป็นของขวัญ
3225	Mail error.	ข้อผิดพลาดของจดหมาย
3226	New Arrival	สินค้ามาใหม่
3227	Five Mounts	แท่นยึดห้าอัน
3228	First Mount	เมาท์ครั้งแรก
3229	Fashionista	แฟชั่นนิสต้า
3230	Inseparable	แยกออกไม่ได้
3231	Old Friends	เพื่อนเก่า
3232	MVP Nemesis	เนเมซิส MVP
3233	MVP Regular	MVP ประจำ
3234	Card Chorus	การ์ดคอรัส
3235	Hollgrehenn	Hollgrehenn
3236	Mage Mentor	Mage Mentor
3237	Masked Girl	Masked Girl
3238	Malaya Girl	Malaya Girl
3239	Kunlun Girl	Kunlun Girl
3240	Rank Reward	จดหมายรางวัลอันดับ
3241	Party Queue	คิวปาร์ตี้
3242	All Matches	การแข่งขันทั้งหมด
3243	Pick Up All	รับทั้งหมด
3244	Revive Info	ข้อมูลฟื้นคืนชีพ
3245	Send (${1})	ส่ง (${1})
3246	Skill Level	ระดับทักษะ
3247	Um... wait!	อืม... เดี๋ยวนะ!
3248	No worries.	หมดกังวล
3249	Preset Name	ชื่อที่ตั้งไว้ล่วงหน้า
3250	Quick Apply	สมัครด่วน
3251	Select Pets	เลือกสัตว์เลี้ยง
3252	Not Reached	ไม่ถึง
3253	Maximum DPS	DPS สูงสุด
3254	SP restored	SP คืนค่าแล้ว
3255	Stun effect	เอฟเฟกต์สตัน
3256	Electrified	ระบบไฟฟ้า
3257	Shield Buff	บัฟโล่
3258	Soul Prayer	Soul Prayer
3259	Rocker Rock	Rocker Rock
3260	Curse Slash	Curse Slash
3261	AoE Surgery	AoE Surgery
3262	Arrow Flash	Arrow Flash
3263	Sonic Slash	Sonic Slash
3264	Flame Surge	Flame Surge
3265	[Hard-Maya]	[Hard-Maya]
3266	[Hard-Isti]	[Hard-Isti]
3267	[Hard-Ilmo]	[Hard-Ilmo]
3268	Port Malaya	Port Malaya
3269	Call Issued	โทรออกแล้ว
3270	Vivify Cost	ตรวจสอบต้นทุน
3271	Daily Uses:	การใช้งานรายวัน:
3272	Quiz Starts	เวลาที่เหลือของแบบทดสอบ
3273	First Place	อันดับหนึ่ง
3274	Confirm Save	ยืนยันการบันทึก
3275	Tap to close	แตะเพื่อปิด
3276	Natural Land	ที่ดินธรรมชาติ
3277	Hidden Realm	อาณาจักรที่ซ่อนอยู่
3278	Group Report	รางวัลกลุ่ม
3279	Drooping Cat	Drooping Cat
3280	Smiling Mask	Smiling Mask
3281	Chicken Beak	Chicken Beak
3282	Lucky Clover	Lucky Clover
3283	Grand Voyage	Grand Voyage
3284	Fluffy Bunny	Fluffy Bunny
3285	Magic Carpet	Magic Carpet
3286	Forest Fairy	Forest Fairy
3287	Fox Immortal	Fox Immortal
3288	Baphomet Jr.	Baphomet Jr.
3289	Ancient Tree	Ancient Tree
3290	Server Level	ไม่ตรงตามข้อกำหนดด้านอายุของเซิร์ฟเวอร์
3291	Reward Count	นับรางวัล
3292	Notification	การแจ้งเตือน
3293	Ten Thousand	หมื่น
3294	Poison Spore	Poison Spore
3295	Hedgehog Bug	Hedgehog Bug
3296	Elder Willow	Elder Willow
3297	Goblin (Axe)	Goblin (Axe)
3298	Orc Skeleton	Orc Skeleton
3299	Go challenge	ไปท้าทาย
3300	Guild Master	Guild มาสเตอร์
3301	Healing Done	การรักษาเสร็จสิ้น
3302	Crit Damage%	ความเสียหายคริติคอล%
3303	Crit Chance%	โอกาสคริติคอล%
3304	Wind Damage%	ความเสียหายจากลม%
3305	Fire Damage%	ความเสียหายจากไฟ%
3306	Holy Damage%	ความเสียหายศักดิ์สิทธิ์%
3307	Stun Enhance	เพิ่มประสิทธิภาพการสตั้น
3308	Burn Enhance	เพิ่มประสิทธิภาพการ Burn
3309	Blind Attack	การโจมตีแบบตาบอด
3310	Slow Enhance	การปรับปรุง Slow
3311	MP Recovery%	ฟื้นฟู MP%
3312	Skill Energy	พลังทักษะ
3313	Attack Range	Attack Range
3314	Season Theme	Season Theme
3315	Yet to start	ยังไม่ได้เริ่ม
3316	Shop Preview	ดูตัวอย่างร้านค้า
3317	Past Seasons	ฤดูกาลที่ผ่านมา
3318	MVP-Angeling	MVP-แองเจลิ่ง
3319	MVP-Deviling	MVP-ปีศาจ
3320	MVP-Orc Hero	MVP-Orc Hero
3321	MVP-Orc Lord	MVP-Orc Lord
3322	MVP-Mistress	MVP-Mistress
3323	MVP-Baphomet	MVP-Baphomet
3324	MVP-Phreeoni	MVP-Phreeoni
3325	Join a guild	เข้าร่วมกิลด์
3326	Kill Bigfoot	KillBigfoot
3327	Current Deck	เด็คปัจจุบัน
3328	Defeat Eddga	เอาชนะ Eddga
3329	Go to Izlude	ไปที่ Izlude
3330	Raid Auction	การประมูล Raid
3331	Guild League	ลีก Guild
3332	Poring Chest	Poring หน้าอก
3333	Profile Card	การแสดงอัลบั้มการ์ดโปรไฟล์
3334	Basic Attack	Basic Attack
3335	Trade Review	รีวิวการค้า
3336	Stall Closed	แผงปิดปิด
3337	Monster Hunt	ล่าสัตว์ประหลาด
3338	Monster List	รายชื่อสัตว์ประหลาด
3339	Monster Shop	ร้านมอนสเตอร์
3340	Kill Rewards	สนับมือ
3341	${1} Rewards	รางวัล${1}
3342	Mount Riding	Riding แบบติด
3343	Queue Notice	ประกาศเรื่องคิว
3344	Escort Ended	Escort สิ้นสุดแล้ว
3345	${1} (${2}s)	${1}(${2}s)
3346	Silence Test	การทดสอบความเงียบ
3347	Maya Petrify	Maya กลายเป็นหิน
3348	Fantasy Shop	ร้านแฟนตาซี
3349	Preview Shop	ดูตัวอย่างร้าน
3350	Connect Shop	เชื่อมต่อร้านค้า
3351	Crystal Shop	ร้านคริสตัล
3352	Spirit Tower	Spirit Tower
3353	Demonic Wolf	Wolf ปีศาจ
3354	Sort by Tier	เรียงตาม Tier
3355	Divine Totem	Divine Totem
3356	Novice Trial	ทดลองใช้งานใหม่
3357	Unidentified	ไม่ปรากฏชื่อ
3358	Blue Quality	สีน้ำเงิน คุณภาพ
3359	All Monsters	มอนสเตอร์ทั้งหมด
3360	Tavern Gifts	ของขวัญ Tavern
3361	Log In Again	เข้าสู่ระบบอีกครั้ง
3362	Reach Izlude	ไปถึง Izlude
3363	Help the Man	ช่วยท่านชาย
3364	Talk to Boya	คุยกับ Boya
3365	Life Skills:	ทักษะ Life:
3366	Astral Level	ระดับดาว
3367	Reset Points	รีเซ็ตคะแนน
3368	Test STR@{1}	ทดสอบ STR@{1}
3369	Test AGI@{1}	ทดสอบ AGI@{1}การทดสอบ
3370	Lance Knight	Lance Knight
3371	Downloading:	กำลังดาวน์โหลด:
3372	${1} Refresh	${1}รีเฟรช
3373	Refine Level	ปรับแต่งระดับ
3374	Success Rate	รายละเอียดอัตราความสำเร็จ
3375	Not Equipped	ไม่ได้ติดตั้ง
3376	Enhance once	ปรับปรุงหนึ่งครั้ง
3377	Reforge Cost	ต้นทุนการหลอมใหม่
3378	Emote/Action	อิโมติคอน/แอคชั่น
3379	Gift of Time	ของขวัญแห่งกาลเวลา
3380	Exact Search	การค้นหาที่แน่นอน
3381	Pre-purchase	ซื้อล่วงหน้า
3382	System Stall	แผงลอยระบบ
3383	Novice Guide	คู่มือมือใหม่
3384	Switch Build	สวิตช์สร้าง
3385	Guild Branch	สาขา Guild
3386	Create Guild	สร้าง Guild
3387	Guild Events	สิ่งอำนวยความสะดวก Guild
3388	Combat Mount	แท่นต่อสู้
3389	Learn Skills	เรียนรู้ทักษะ
3390	Pet Hatching	การฟักไข่สัตว์เลี้ยง
3391	Block Friend	บล็อกเพื่อน
3392	Edit Profile	แก้ไขโปรไฟล์
3393	Battle Merit	ศึกบุญ
3394	NPC Shop@{1}	ร้าน NPC@{1}
3395	Solo Actions	การกระทำเดี่ยว
3396	Display Case	ตู้โชว์
3397	Card Display	ใส่การ์ด
3398	Book Display	ตู้โชว์หนังสือ
3399	Attachments:	Attachments:
3400	Fashion Gala	งานแฟชั่นกาล่า
3401	Under Review	อยู่ระหว่างตรวจทาน
3402	My Watchlist	รายการเฝ้าดูของฉัน
3403	Lowest Price	ราคาต่ำสุด
3404	Custom Price	ราคากำหนดเอง
3405	Update Price	อัพเดทราคา
3406	Siege Points	คะแนนล้อม
3407	Damage Taken	ได้รับความเสียหาย
3408	Growth Stage	ระยะการเติบโต
3409	Mature Stage	เวทีผู้ใหญ่
3410	Add Multiple	เพิ่มหลายรายการ
3411	Go to Rental	ไปที่การเช่า
3412	Search Items	รายการค้นหา
3413	Friend Gifts	ของขวัญจากเพื่อน
3414	Confirm Gift	ยืนยันของขวัญ
3415	Gift claimed	รับของขวัญแล้ว
3416	Cross-server	ข้ามเซิร์ฟเวอร์
3417	Create Group	สร้างกลุ่ม
3418	Select Group	เลือกกลุ่ม
3419	Gift Message	ข้อความของขวัญ
3420	Delete Group	ลบกลุ่ม
3421	Gift History	ประวัติของขวัญ
3422	Mount Skills	ทักษะการเมานต์
3423	Friends Info	ข้อมูลเพื่อน
3424	Gifting Info	ข้อมูลการให้ของขวัญ
3425	Create Party	สร้างปาร์ตี้
3426	Search Party	ปาร์ตี้การค้นหา
3427	Disable Chat	ปิดการใช้งานการแชท
3428	Unmute Voice	เปิดเสียงเสียง
3429	${1}'s Party	ปาร์ตี้ของ${1}
3430	Guild Member	สมาชิก Guild
3431	Party Invite	คำเชิญปาร์ตี้
3432	No Objective	ไม่มีวัตถุประสงค์
3433	Refresh Time	เวลารีเฟรช
3434	Free to Join	เข้าร่วมฟรี
3435	Party Marker	ปาร์ตี้มาร์กเกอร์
3436	Revive Point	จุดฟื้นคืนชีพ
3437	Increase Bid	เพิ่มราคาเสนอ
3438	Request sent	แล้ว
3439	Announcement	เวลาสมัคร
3440	Item Details	รายละเอียดสินค้า
3441	Trading Hall	ห้องซื้อขาย
3442	Supply Trade	การค้าอุปทาน
3443	Order Status	สถานะการสั่งซื้อ
3444	Send Request	ส่งคำขอ
3445	Go to Escort	ไปที่ Escort
3446	Open Bidding	การประมูลแบบ Open
3447	Auto-Bidding	Auto-Bidding
3448	Not Required	ไม่จำเป็น
3449	Rating: ${1}	เรตติ้ง:${1}
3450	${1} Assists	${1}ช่วยเหลือ
3451	Introduction	บทนำ
3452	Guild Emblem	Guild Emblem
3453	Title Earned	แล้ว
3454	Pet Obtained	ได้รับสัตว์เลี้ยงแล้ว
3455	Request List	รายการคำขอ
3456	Combat Power	พลังการต่อสู้
3457	Contribution	การควบคุม
3458	Offline Time	เวลาออฟไลน์
3459	Refresh List	รีเฟรชรายการ
3460	My Position:	ตำแหน่งของฉัน:
3461	Item expired	รายการหมดอายุแล้ว
3462	Opens Monday	Opens วันจันทร์
3463	Opens Friday	Opens วันศุกร์
3464	Opens Sunday	Opens วันอาทิตย์
3465	Load Rewards	โหลดรางวัล
3466	Open All Day	Open ทั้งวัน
3467	Total Price:	ราคารวม:
3468	Order Number	หมายเลขคำสั่งซื้อ
3469	Unknown Area	Unknown Area
3470	Royal Palace	Royal Palace
3471	Payon Forest	Payon Forest
3472	RO Survivors	RO Survivors
3473	Pyramid Maze	Pyramid Maze
3474	Card: Hornet	Card: Hornet
3475	Card: Zenorc	Card: Zenorc
3476	Best Healing	การรักษาที่ดีที่สุด
3477	First Strike	การโจมตีครั้งแรก
3478	Card: Anubis	Card: Anubis
3479	Card: Savage	Card: Savage
3480	Card: Merman	Card: Merman
3481	Card: Vitata	Card: Vitata
3482	Card: Smokie	Card: Smokie
3483	Card: Horong	Card: Horong
3484	Card: Bongun	Card: Bongun
3485	Card: Mantis	Card: Mantis
3486	Card: Kobold	Card: Kobold
3487	Card: Wraith	Card: Wraith
3488	Card: Martin	Card: Martin
3489	Card: Dokebi	Card: Dokebi
3490	Card: Pasana	Card: Pasana
3491	Card: Creamy	Card: Creamy
3492	Card: Marduk	Card: Marduk
3493	Card: Kraken	Card: Kraken
3494	Card: Osiris	Card: Osiris
3495	Trail effect	เอฟเฟกต์เทรล
3496	Flying Magic	Flying Magic
3497	Lope-related	ที่เกี่ยวข้องกับ Lope
3498	Increase AGI	Increase AGI
3499	Angel Strike	Angel Strike
3500	Mace Mastery	Mace Mastery
3501	Resurrection	Resurrection
3502	Crazy Uproar	Crazy Uproar
3503	Hilt Binding	Hilt Binding
3504	Power Thrust	Power Thrust
3505	Spinning Axe	Spinning Axe
3506	Poring Split	Poring Split
3507	Fallen Sweep	Fallen Sweep
3508	SP Reduction	SP Reduction
3509	Magnum Break	Magnum Break
3510	Cross Thrust	Cross Thrust
3511	Battle Chant	Battle Chant
3512	Moon Slasher	Moon Slasher
3513	Sniping Shot	Sniping Shot
3514	Key Settings	คีย์บอร์ด
3515	Quick Potion	ยาด่วน
3516	Classic Mode	โหมดคลาสสิก
3517	Do Not Chase	อย่าไล่ตาม
3518	Same Faction	ฝ่ายเดียวกัน
3519	Adjust Scale	ปรับขนาด
3520	Cursor Style	รูปแบบเคอร์เซอร์
3521	Cursor Scale	สเกลเคอร์เซอร์
3522	Dracula Grab	Dracula Grab
3523	Abyss Magnet	Abyss Magnet
3524	Hunter Slash	Hunter Slash
3525	Hunter Spawn	Hunter Spawn
3526	Hunter Death	Hunter Death
3527	Build Turret	Build Turret
3528	Seismic Wave	Seismic Wave
3529	Acceleration	Acceleration
3530	Arrow Shower	Arrow Shower
3531	Steady Focus	Steady Focus
3532	Greedy Ifrit	Greedy Ifrit
3533	Divine Light	Divine Light
3534	Arrow Attack	Arrow Attack
3535	Vocal Skills	Vocal Skills
3536	Fallen Swipe	Fallen Swipe
3537	Shatterblade	Shatterblade
3538	Beehive Toss	Beehive Toss
3539	Bandage Lash	Bandage Lash
3540	Summon Mummy	Summon Mummy
3541	Spear Thrust	Spear Thrust
3542	Summon Spear	Summon Spear
3543	Mummy's Hand	Mummy's Hand
3544	Scarab Swarm	Scarab Swarm
3545	Funeral Beat	Funeral Beat
3546	Triple Quake	Triple Quake
3547	Sonic Impact	Sonic Impact
3548	Falling Bell	Falling Bell
3549	Summon Clone	Summon Clone
3550	Battle Score	คะแนนการต่อสู้
3551	Ends in ${1}	ลงท้ายด้วย${1}
3552	Choco Antics	Choco Antics
3553	Agility Song	Agility Song
3554	Sinister Cry	Sinister Cry
3555	Full Barrage	Full Barrage
3556	Fear Returns	Fear Returns
3557	Curse Puppet	Curse Puppet
3558	Branch Guard	Branch Guard
3559	Lava Erosion	Lava Erosion
3560	Fierce Blade	Fierce Blade
3561	Echoing Bell	Echoing Bell
3562	Radiant Moon	Radiant Moon
3563	Drake Thrust	Drake Thrust
3564	New Ultimate	New Ultimate
3565	Cancel Skill	Cancel Skill
3566	Horong Split	Horong Split
3567	Astral Shift	Astral Shift
3568	Horong Pulse	Horong Pulse
3569	Laser Summon	Laser Summon
3570	Remove Curse	Remove Curse
3571	P@{1} Action	P@{1} Action
3572	Linked Skill	Linked Skill
3573	Melodic Flow	Melodic Flow
3574	Melody Burst	Melody Burst
3575	Moonlit Echo	Moonlit Echo
3576	Sweep Attack	Sweep Attack
3577	Pixel Thrust	Pixel Thrust
3578	Electro Rock	Electro Rock
3579	Shadow Guard	Shadow Guard
3580	Thomas Flare	Thomas Flare
3581	Triple Rhyme	Triple Rhyme
3582	Comet (Copy)	Comet (Copy)
3583	Disco Accent	Disco Accent
3584	Titan's Fury	Titan's Fury
3585	Spear Expert	Spear Expert
3586	Bowling Bash	Bowling Bash
3587	Auto Counter	Auto Counter
3588	Rapid Pierce	Rapid Pierce
3589	Triple Slash	Triple Slash
3590	Rune Mastery	Rune Mastery
3591	Virus Spread	Virus Spread
3592	Cross Impact	Cross Impact
3593	Sneak Attack	Sneak Attack
3594	Hidden Blade	Hidden Blade
3595	Shadow Break	Shadow Break
3596	Thunderstorm	Thunderstorm
3597	Meteor Storm	Meteor Storm
3598	Sight Sprout	Sight Sprout
3599	Magic Cannon	Magic Cannon
3600	Stop Reading	Stop Reading
3601	Confirm Exit	ยืนยันการออก
3602	Tap to read.	แตะเพื่ออ่าน
3603	Rank Preview	รางวัลอันดับ
3604	Not Unsealed	ไม่ได้เปิดผนึก
3605	Not Deployed	ไม่ได้ปรับใช้
3606	Bond Removed	บอนด์ถูกลบออก
3607	Current Rank	อันดับปัจจุบัน
3608	Card Effects	เอฟเฟกต์การ์ด
3609	Filter Cards	การ์ดกรอง
3610	Change Right	เปลี่ยนทางขวา
3611	Delete ${1}?	ลบ${1}?
3612	Equip (${1})	(${1})
3613	Related Tips	เคล็ดลับที่เกี่ยวข้อง
3614	No monsters.	ไม่มีมอนสเตอร์
3615	Mining Tribe	ชนเผ่าเหมืองแร่
3616	Geffen Tower	Geffen Tower
3617	Sphinx Crypt	Sphinx Crypt
3618	Skill Points	ตัวอย่างทักษะ
3619	Select Build	เลือกรุ่น
3620	Exit (${1}s)	(${1}s)
3621	Beginner Map	แผนที่เริ่มต้น
3622	Gameplay Map	แผนที่การเล่นเกม
3623	Hold to Talk	กดค้างไว้เพื่อพูด
3624	Melody Conch	Melody Conch
3625	Poporing@{1}	Poporing@{1}
3626	Swift Knight	Swift Knight
3627	Stage Object	Stage Object
3628	Magma Poring	Magma Poring
3629	Doppelganger	Doppelganger
3630	Thundercloud	Thundercloud
3631	Musical Note	Musical Note
3632	Siege Ladder	Siege Ladder
3633	Flying Raven	Flying Raven
3634	Jet Backpack	Jet Backpack
3635	Evil Warrior	Evil Warrior
3636	Ancient Nest	Ancient Nest
3637	Party Leader	Party Leader
3638	Timid Poring	Timid Poring
3639	Poison Dummy	Poison Dummy
3640	Shadow Dummy	Shadow Dummy
3641	Undead Dummy	Undead Dummy
3642	Ranged Dummy	Ranged Dummy
3643	Pet Merchant	Pet Merchant
3644	Pile of Junk	Pile of Junk
3645	Morroc Nomad	Morroc Nomad
3646	Quest Failed	ล้มเหลว
3647	Palace Guard	Palace Guard
3648	Larva Canyon	Larva Canyon
3649	Geffen Field	Geffen Field
3650	Kordt Forest	Kordt Forest
3651	South Morroc	South Morroc
3652	Stone Pillar	Stone Pillar
3653	Unknown Boss	Unknown Boss
3654	Little Mummy	Little Mummy
3655	Nasha - Hard	Nasha - Hard
3656	Mirko - Hard	Mirko - Hard
3657	Green Bubble	Green Bubble
3658	Crimson Rock	Crimson Rock
3659	Osiris-Final	Osiris-Final
3660	Pharaoh-Easy	Pharaoh-Easy
3661	Pharaoh-Hard	Pharaoh-Hard
3662	Drake-Normal	Drake-Normal
3663	Monster Info	ข้อมูลสัตว์ประหลาด
3664	Acquaintance	คนรู้จัก
3665	Field Battle	การต่อสู้ภาคสนาม
3666	Map Appeared	ปรากฏขึ้น
3667	Enable Bonus	เปิดใช้งานโบนัส
3668	Chance Drops	โอกาสตก
3669	Rescue Wagon	รถกู้ภัย
3670	Rename Stall	เปลี่ยนชื่อแผงลอย
3671	${1}'s Stall	แผงลอยของ${1}
3672	In Progress…	อยู่ระหว่างดำเนินการ...
3673	Format: ${1}	:${1}รูปแบบ
3674	Earth Damage	ความเสียหายจากดิน
3675	Water Damage	ความเสียหายจากน้ำ
3676	Ghost Damage	ความเสียหายจากผี
3677	${1} to ${2}	${1}ถึง${2}
3678	Points Used:	คะแนนที่ใช้:
3679	Elite Preset	อีลิทพรีเซ็ต
3680	Quick Remove	Remove ด่วน
3681	Quick Deploy	ปรับใช้ด่วน
3682	Quick Cancel	ยกเลิกด่วน
3683	Join Method:	วิธีการเข้าร่วม:
3684	Cancel Merge	ยกเลิกการรวม
3685	Defeat Fabre	เอาชนะ Fabre
3686	Strange Girl	Girl แปลกหน้า
3687	Time to Rest	ได้เวลาพักผ่อนแล้ว
3688	Close Friend	เพื่อนสนิท
3689	Open CG @{1}	Open CG@{1}
3690	Second Trial	การทดลองครั้งที่สอง
3691	Turn In Bark	เลี้ยวเห่า
3692	Airship Port	ท่าเรือเรือเหาะ
3693	Stolen Cargo	สินค้าที่ถูกขโมย
3694	Bobo's Shock	โช๊ค Bobo
3695	Pet unlocked	สัตว์เลี้ยงปลดล็อคแล้ว
3696	Gain 1 Level	ได้รับ 1 ระดับ
3697	Quick Select	เลือกด่วน
3698	Normal Hatch	ฟักธรรมดา
3699	Core Passive	แกน Passive
3700	Growth Rate:	อัตราการเติบโต:
3701	Breakthrough	ทะลุทะลวง
3702	Core Rewards	รางวัลหลัก
3703	Coming soon!	เร็วๆ นี้!
3704	Monster Wave	มอนสเตอร์ Wave
3705	Help Bobo up	ช่วย Bobo ขึ้น
3706	Here you go.	เอาล่ะ
3707	Who are you?	คุณคือใคร?
3708	What? Alive?	อะไร? มีชีวิตอยู่?
3709	What was it?	มันคืออะไร?
3710	I miss you!!	คิดถึงนะ!!
3711	Almost what?	เกือบอะไรล่ะ?
3712	Open Dungeon	Open ดันเจี้ยน
3713	Confirm Skip	ยืนยันการข้าม
3714	Hide Markers	ซ่อนเครื่องหมาย
3715	Show Markers	แสดงเครื่องหมาย
3716	[Weak Value]	[Weak Value]
3717	Start Battle	เริ่มการต่อสู้
3718	Second Class	ชั้นสอง
3719	Map Tracking	การติดตามแผนที่
3720	View Auction	ดูการประมูล
3721	Auction List	รายการประมูล
3722	Unlock  ${1}	ปลดล็อค${1}
3723	Bonfire ${1}	Bonfire${1}
3724	${1} Lv.${2}	${1}เลเวล${2}
3725	Scratch Head	หัวกันรอย
3726	Give Flowers	มอบ Flowers
3727	Play It Cool	เล่นอย่างเท่
3728	Blow Trumpet	ทรัมเป็ตเป่า
3729	Confirm Cost	ยืนยันต้นทุน
3730	Attack Orbit	Attack Orbit
3731	Frozen Orbit	วงโคจรเยือกแข็ง
3732	Auto-Bid set	Auto-Bid set
3733	Source Event	เหตุการณ์ต้นทาง
3734	Stop Bidding	หยุดการประมูล
3735	Bid on ${1}?	ประมูล${1}?
3736	Go to Unseal	ไปที่เปิดผนึก
3737	Initial Plan	แผนเริ่มต้น
3738	Apprentice V	เด็กฝึกงาน V
3739	Apprentice I	Apprentice I
3740	Kill Players	Kill ผู้เล่น
3741	Total Points	คะแนนรวม
3742	Eliminations	การกำจัด
3743	Grand Finals	รอบชิงชนะเลิศ
3744	Total Score:	คะแนนรวม:
3745	Points Match	การจับคู่คะแนน
3746	Locate Match	Locate การจับคู่
3747	Guild Quests	ภารกิจ Guild
3748	Treasure Map	แผนที่สมบัติ
3749	Siege Weapon	อาวุธปิดล้อม
3750	Heart Points	คะแนนคาร์ดิโอ
3751	Guild Points	คะแนน Guild
3752	Knight Class	คลาสอัศวิน
3753	Priest Class	คลาสนักบวช
3754	Hunter Class	Hunter คลาส
3755	Single Affix	ตัวต่อเดี่ยว
3756	Geffen Areas	พื้นที่ Geffen
3757	Lv.@{1}-@{2}	เลเวล@{1}-@{2}
3758	Wooden Goods	สินค้าไม้
3759	Flying Mount	แท่นยึดบิน
3760	Emote Skills	ทักษะอิโมติคอน
3761	Idle Actions	การดำเนินการที่ไม่ได้ใช้งาน
3762	Need Support	ต้องการการสนับสนุน
3763	Special Item	รายการพิเศษ
3764	Exit Vehicle	ออกจากรถ
3765	Tetra Vortex	Tetra Vortex
3766	Earth Strain	Earth Strain
3767	Charge Arrow	Charge Arrow
3768	Falcon's Eye	Falcon's Eye
3769	Poring Magic	Poring Magic
3770	Set Red Team	Set Red Team
3771	Blessed Wind	Blessed Wind
3772	Shield - AOE	Shield - AOE
3773	Mount Turret	Mount Turret
3774	Petrify Mist	Petrify Mist
3775	Kun Entrance	Kun Entrance
3776	Kun Movement	Kun Movement
3777	Summon Notes	Summon Notes
3778	Linear Laser	Linear Laser
3779	Water Pillar	Water Pillar
3780	Elapsed Time	เวลาที่ผ่านไป
3781	Rune Fashion	รูนแฟชั่น
3782	Payon Region	ภูมิภาค Payon
3783	Magic Powder	Magic Powder
3784	Special Mane	Special Mane
3785	GVE Speedrun	GVE สปีดรัน
3786	Season Story	Season Story
3787	Shadow Claws	กรงเล็บเงา
3788	Spirit Glyph	Spirit Glyph
3789	Sacred Glyph	Sacred Glyph
3790	Silk Padding	Silk Padding
3791	Radiant Star	เรเดียนท์สตาร์
3792	The Solution	โซลูชั่น
3793	Kill Ranking	อันดับการ Kill
3794	Win Rankings	ชนะอันดับ
3795	Hall of Fame	หอเกียรติยศ
3796	Untargetable	ไม่สามารถกำหนดเป้าหมายได้
3797	Golden Touch	โกลเด้นทัช
3798	Crafting Set	ชุดงานประดิษฐ์
3799	One for Many	หนึ่งสำหรับหลาย ๆ คน
3800	Gameplay@{1}	การเล่นเกม@{1}
3801	Wish Preview	ต้องการดูตัวอย่าง
3802	Current Wish	ความปรารถนาปัจจุบัน
3803	Parting Gift	Parting Gift
3804	Dragonslayer	Dragonslayer
3805	Tree of Life	Tree of Life
3806	Innate Skill	ทักษะโดยกำเนิด
3807	Upgrade Cost	ค่าใช้จ่ายในการอัปเกรด
3808	Boar's Feast	Boar's Feast
3809	Multi Strike	Multi Strike
3810	Decapitation	Decapitation
3811	Low-Tier HIT	Low-Tier HIT
3812	Ice Guardian	Ice Guardian
3813	Savage Blade	Savage Blade
3814	Medusa Shard	Medusa Shard
3815	Veteran Pack	Veteran Pack
3816	Green Potion	Green Potion
3817	Enhance Pack	Enhance Pack
3818	Hopping Frog	Hopping Frog
3819	Basilac Clam	Basilac Clam
3820	Honing Stone	Honing Stone
3821	Mithril Grip	Mithril Grip
3822	Moongaze Gem	Moongaze Gem
3823	Turtle Shell	Turtle Shell
3824	Orange Cards	Orange Cards
3825	Glossy Scell	Glossy Scell
3826	Soft Feather	Soft Feather
3827	Pocket Watch	Pocket Watch
3828	Sticky Mucus	Sticky Mucus
3829	Worm Peeling	Worm Peeling
3830	Crest of Sun	Crest of Sun
3831	Undying Root	Undying Root
3832	Dragon Scale	Dragon Scale
3833	Empty Bottle	Empty Bottle
3834	Teleport Key	Teleport Key
3835	Lunatic Horn	Lunatic Horn
3836	Silver Arrow	Silver Arrow
3837	Life Crystal	Life Crystal
3838	Mana Crystal	Mana Crystal
3839	White Potion	White Potion
3840	Take It Easy	Take It Easy
3841	Lv. @{1} Bow	Lv. @{1} Bow
3842	Superior Rod	Superior Rod
3843	Advanced Rod	Advanced Rod
3844	Basic Dagger	Basic Dagger
3845	Diamond Ring	Diamond Ring
3846	Enchant Cost	ค่าเสริมเสน่ห์
3847	Safety Shoes	Safety Shoes
3848	Novice Boots	Novice Boots
3849	Falcon Cloak	Falcon Cloak
3850	Vali's Cloak	Vali's Cloak
3851	Novice Cloak	Novice Cloak
3852	Cotton Shirt	Cotton Shirt
3853	Wraith Katar	Wraith Katar
3854	Novice Katar	Novice Katar
3855	Pinewood Rod	Pinewood Rod
3856	Novice Staff	Novice Staff
3857	Morning Star	Morning Star
3858	Knight Spear	Knight Spear
3859	Novice Blade	Novice Blade
3860	Novice Sword	Novice Sword
3861	Gorsk's Horn	Gorsk's Horn
3862	Smithing EXP	Smithing EXP
3863	Card: Sropho	Card: Sropho
3864	Card: Petite	Card: Petite
3865	Card: Strouf	Card: Strouf
3866	Card: Goblin	Card: Goblin
3867	Card: Marina	Card: Marina
3868	Card: Willow	Card: Willow
3869	Card: Eggyra	Card: Eggyra
3870	Card: Zombie	Card: Zombie
3871	Card: Condor	Card: Condor
3872	Card: Rocker	Card: Rocker
3873	Throne Token	โทเค็นบัลลังก์
3874	Shop Details	รายละเอียดร้าน
3875	Gift Details	รายละเอียดของขวัญ
3876	Basic Rules:	:
3877	Using Cards:	การใช้การ์ด:
3878	Praised you!	ชื่นชมคุณ!
3879	Card: Poring	Card: Poring
3880	Starting Bid	การประมูลเริ่มต้น
3881	Ilmo's Trial	บททดสอบของอิลโม
3882	Isti's Trial	การทดลองของ Isti
3883	Bonding Oath	คำสาบานแห่งพันธะ
3884	Rapid Thrust	แรงขับเร็ว
3885	Scythe Throw	ขว้างเคียว
3886	Coffin Blast	ระเบิดโลงศพ
3887	Bubble Burst	ฟองสบู่แตก
3888	Scythe Dance	การเต้นรำเคียว
3889	Bubble Dream	Bubble ดรีม
3890	Shield Press	Shield Press
3891	King's Grace	King's Grace
3892	Shield Break	Shield Break
3893	Shield Block	Shield Block
3894	Block Impact	Block Impact
3895	Assist Score	Assist Score
3896	Top Occupier	ผู้ครอบครองสูงสุด
3897	Top Defender	กองหลังตัวท็อป
3898	Near-Godlike	ใกล้เทพ
3899	Revive X${1}	รีไวฟ์ X${1}
3900	@{1} Assists	@{1}ช่วยเหลือ
3901	Most Assists	ช่วยเหลือมากที่สุด
3902	Drop Rewards	ดรอปรางวัล
3903	Lv.${1}-${2}	เลเวล${1}-${2}
3904	Kafra's Ring	Kafra's Ring
3905	Speed Potion	Speed Potion
3906	Animal World	สัตว์โลก
3907	Stigma Count	จำนวนการตีตรา
3908	Earthshatter	เครื่องสลายแผ่นดินไหว
3909	HP Lock Buff	บัฟล็อค HP
3910	Size Reduced	ขนาดลดลง
3911	Osiris (Red)	Osiris (สีแดง)
3912	Leave Combat	Leave จากการต่อสู้
3913	(Deprecated)	(เลิกใช้แล้ว)
3914	Fire Release	ปล่อยไฟ
3915	Severe Wound	บาดแผลสาหัส
3916	Magic Immune	ภูมิคุ้มกันมหัศจรรย์
3917	Flame Scorch	เปลวเพลิงไหม้
3918	HP Lock@{1}%	HP ล็อค@{1}%
3919	Status Alert	บิตแมปสถานะ
3920	Quagmire SFX	Quagmire SFX
3921	Arcane Study	การศึกษาอาร์เคน
3922	Gravity Trap	เครื่องดักแรงโน้มถ่วง
3923	Slime Ground	ดินสไลม์
3924	Dark Sorcery	Dark Sorcery
3925	Trauma Drain	Trauma Drain
3926	Scythe Slash	Scythe Slash
3927	Clear Breeze	Clear Breeze
3928	Bell Miracle	Bell Miracle
3929	Demonic Aura	Demonic Aura
3930	Fairy Shield	แฟรี่ชีลด์
3931	Flame Breath	Flame Breath
3932	Block Shield	บล็อค Shield
3933	Arrow Effect	Arrow Effect
3934	Coffin Skill	ทักษะโลงศพ
3935	Laser Marker	Laser มาร์กเกอร์
3936	Warning Link	ลิงค์คำเตือน
3937	Charged Bell	ชาร์จ Bell
3938	Green Marker	ปากกามาร์กเกอร์สีเขียว
3939	Switch Thorn	สวิตซ์ Thorn
3940	Frenzy S@{1}	เฟรนซี่ เอส@{1}
3941	Switch Comet	สวิตซ์ Comet
3942	Extreme Slow	Slow มาก
3943	Chest Effect	เอฟเฟกต์หน้าอก
3944	Battle Ready	พร้อมรบ
3945	Mic Controls	การ Controls ไมค์
3946	Mic Requests	คำขอไมค์
3947	Make Friends	หาเพื่อนใหม่
3948	Verbal Abuse	การใช้วาจาในทางที่ผิด
3949	Talk to ${1}	คุยกับ${1}
3950	Defeat Mirko	เอาชนะ Mirko
3951	Defeat Nasha	เอาชนะ Nasha
3952	Misc Rules 3	กฎเบ็ดเตล็ด 3
3953	Misc Rules 2	กฎเบ็ดเตล็ด 2
3954	Misc Rules 1	กฎเบ็ดเตล็ด 1
3955	Costume Draw	จับรางวัลเครื่องแต่งกาย
3956	Eternal Vows	คำสาบานชั่วนิรันดร์
3957	Invalid name	ชื่อไม่ถูกต้อง
3958	Stall closed	แผงปิดปิด
3959	Random Affix	ส่วนเสริมแบบสุ่ม
3960	Mighty Sword	Sword ทรงพลัง
3961	Spiral Blast	ระเบิดเกลียว
3962	Urd's Spring	สปริง Urd
3963	Advanced HIT	การโจมตีขั้นสูง
3964	Dagger Throw	ขว้าง Dagger
3965	Cold-Blooded	เลือดเย็น
3966	Dark Stalker	ดาร์คสตอล์กเกอร์
3967	Black Market	ตลาดมืด
3968	Base Defense	การป้องกันฐาน
3969	Like History	ชอบประวัติ
3970	No likes yet	ยังไม่มีการถูกใจ
3971	Borrow Books	ยืมหนังสือ
3972	Already Read	อ่านแล้ว
3973	Set Template	ตั้งค่าเทมเพลต
3974	Me - Profile	ฉัน - โปรไฟล์
3975	Select Theme	เลือกธีม
3976	Three Mounts	ขายึดสามอัน
3977	A Pack of 20	แพ็คละ 20
3978	Card Synergy	การทำงานร่วมกันของการ์ด
3979	Thief Mentor	Thief Mentor
3980	Amatsu Guide	Amatsu Guide
3981	Malaya Woman	Malaya Woman
3982	Dewata Woman	Dewata Woman
3983	Chungwolmang	Chungwolmang
3984	Granny Broom	Granny Broom
3985	Event Period	ระยะเวลากิจกรรม
3986	Revive Altar	แท่นบูชาฟื้นคืนชีพ
3987	No Equipment	ไม่มีอุปกรณ์
3988	Close Defeat	ปิดความพ่ายแพ้
3989	Battle Start	เริ่มการต่อสู้
3990	Total Limit:	ขีดจำกัดรวม:
3991	Confirm Oath	ยืนยันคำสาบาน
3992	Edit message	แก้ไขข้อความ
3993	Golden Orbit	โกลเด้นออร์บิท
3994	Apply Preset	ใช้ค่าที่ตั้งล่วงหน้า
3995	Submit Build	ส่งบิลด์
3996	Select Cards	เลือกการ์ด
3997	Blind effect	เอฟเฟกต์ตาบอด
3998	Generic Slow	ทั่วไป Slow
3999	Generic Stun	สตันทั่วไป
4000	Guard Domain	โดเมนยาม
